PriceListID,PriceListDate,BranchID,BranchName,Status
1,2020-01-06,1,Mumbai Head Branch,Published
2,2020-01-06,2,Chennai Branch,Published
3,2020-01-06,3,Delhi Branch,Published
4,2020-01-06,4,Kolkata Branch,Published
5,2020-01-13,1,Mumbai Head Branch,Published
6,2020-01-13,2,Chennai Branch,Published
7,2020-01-13,3,Delhi Branch,Published
8,2020-01-13,4,Kolkata Branch,Published
9,2020-01-20,1,Mumbai Head Branch,Published
10,2020-01-20,2,Chennai Branch,Published
11,2020-01-20,3,Delhi Branch,Published
12,2020-01-20,4,Kolkata Branch,Published
13,2020-01-27,1,Mumbai Head Branch,Published
14,2020-01-27,2,Chennai Branch,Published
15,2020-01-27,3,Delhi Branch,Published
16,2020-01-27,4,Kolkata Branch,Published
17,2020-02-03,1,Mumbai Head Branch,Published
18,2020-02-03,2,Chennai Branch,Published
19,2020-02-03,3,Delhi Branch,Published
20,2020-02-03,4,Kolkata Branch,Published
21,2020-02-10,1,Mumbai Head Branch,Published
22,2020-02-10,2,Chennai Branch,Published
23,2020-02-10,3,Delhi Branch,Published
24,2020-02-10,4,Kolkata Branch,Published
25,2020-02-17,1,Mumbai Head Branch,Published
26,2020-02-17,2,Chennai Branch,Published
27,2020-02-17,3,Delhi Branch,Published
28,2020-02-17,4,Kolkata Branch,Published
29,2020-02-24,1,Mumbai Head Branch,Published
30,2020-02-24,2,Chennai Branch,Published
31,2020-02-24,3,Delhi Branch,Published
32,2020-02-24,4,Kolkata Branch,Published
33,2020-03-02,1,Mumbai Head Branch,Published
34,2020-03-02,2,Chennai Branch,Published
35,2020-03-02,3,Delhi Branch,Published
36,2020-03-02,4,Kolkata Branch,Published
37,2020-03-09,1,Mumbai Head Branch,Published
38,2020-03-09,2,Chennai Branch,Published
39,2020-03-09,3,Delhi Branch,Published
40,2020-03-09,4,Kolkata Branch,Published
41,2020-03-16,1,Mumbai Head Branch,Published
42,2020-03-16,2,Chennai Branch,Published
43,2020-03-16,3,Delhi Branch,Published
44,2020-03-16,4,Kolkata Branch,Published
45,2020-03-23,1,Mumbai Head Branch,Published
46,2020-03-23,2,Chennai Branch,Published
47,2020-03-23,3,Delhi Branch,Published
48,2020-03-23,4,Kolkata Branch,Published
49,2020-03-30,1,Mumbai Head Branch,Published
50,2020-03-30,2,Chennai Branch,Published
51,2020-03-30,3,Delhi Branch,Published
52,2020-03-30,4,Kolkata Branch,Published
53,2020-04-06,1,Mumbai Head Branch,Published
54,2020-04-06,2,Chennai Branch,Published
55,2020-04-06,3,Delhi Branch,Published
56,2020-04-06,4,Kolkata Branch,Published
57,2020-04-13,1,Mumbai Head Branch,Published
58,2020-04-13,2,Chennai Branch,Published
59,2020-04-13,3,Delhi Branch,Published
60,2020-04-13,4,Kolkata Branch,Published
61,2020-04-20,1,Mumbai Head Branch,Published
62,2020-04-20,2,Chennai Branch,Published
63,2020-04-20,3,Delhi Branch,Published
64,2020-04-20,4,Kolkata Branch,Published
65,2020-04-27,1,Mumbai Head Branch,Published
66,2020-04-27,2,Chennai Branch,Published
67,2020-04-27,3,Delhi Branch,Published
68,2020-04-27,4,Kolkata Branch,Published
69,2020-05-04,1,Mumbai Head Branch,Published
70,2020-05-04,2,Chennai Branch,Published
71,2020-05-04,3,Delhi Branch,Published
72,2020-05-04,4,Kolkata Branch,Published
73,2020-05-11,1,Mumbai Head Branch,Published
74,2020-05-11,2,Chennai Branch,Published
75,2020-05-11,3,Delhi Branch,Published
76,2020-05-11,4,Kolkata Branch,Published
77,2020-05-18,1,Mumbai Head Branch,Published
78,2020-05-18,2,Chennai Branch,Published
79,2020-05-18,3,Delhi Branch,Published
80,2020-05-18,4,Kolkata Branch,Published
81,2020-05-25,1,Mumbai Head Branch,Published
82,2020-05-25,2,Chennai Branch,Published
83,2020-05-25,3,Delhi Branch,Published
84,2020-05-25,4,Kolkata Branch,Published
85,2020-06-01,1,Mumbai Head Branch,Published
86,2020-06-01,2,Chennai Branch,Published
87,2020-06-01,3,Delhi Branch,Published
88,2020-06-01,4,Kolkata Branch,Published
89,2020-06-08,1,Mumbai Head Branch,Published
90,2020-06-08,2,Chennai Branch,Published
91,2020-06-08,3,Delhi Branch,Published
92,2020-06-08,4,Kolkata Branch,Published
93,2020-06-15,1,Mumbai Head Branch,Published
94,2020-06-15,2,Chennai Branch,Published
95,2020-06-15,3,Delhi Branch,Published
96,2020-06-15,4,Kolkata Branch,Published
97,2020-06-22,1,Mumbai Head Branch,Published
98,2020-06-22,2,Chennai Branch,Published
99,2020-06-22,3,Delhi Branch,Published
100,2020-06-22,4,Kolkata Branch,Published
101,2020-06-29,1,Mumbai Head Branch,Published
102,2020-06-29,2,Chennai Branch,Published
103,2020-06-29,3,Delhi Branch,Published
104,2020-06-29,4,Kolkata Branch,Published
105,2020-07-06,1,Mumbai Head Branch,Published
106,2020-07-06,2,Chennai Branch,Published
107,2020-07-06,3,Delhi Branch,Published
108,2020-07-06,4,Kolkata Branch,Published
109,2020-07-13,1,Mumbai Head Branch,Published
110,2020-07-13,2,Chennai Branch,Published
111,2020-07-13,3,Delhi Branch,Published
112,2020-07-13,4,Kolkata Branch,Published
113,2020-07-20,1,Mumbai Head Branch,Published
114,2020-07-20,2,Chennai Branch,Published
115,2020-07-20,3,Delhi Branch,Published
116,2020-07-20,4,Kolkata Branch,Published
117,2020-07-27,1,Mumbai Head Branch,Published
118,2020-07-27,2,Chennai Branch,Published
119,2020-07-27,3,Delhi Branch,Published
120,2020-07-27,4,Kolkata Branch,Published
121,2020-08-03,1,Mumbai Head Branch,Published
122,2020-08-03,2,Chennai Branch,Published
123,2020-08-03,3,Delhi Branch,Published
124,2020-08-03,4,Kolkata Branch,Published
125,2020-08-10,1,Mumbai Head Branch,Published
126,2020-08-10,2,Chennai Branch,Published
127,2020-08-10,3,Delhi Branch,Published
128,2020-08-10,4,Kolkata Branch,Published
129,2020-08-17,1,Mumbai Head Branch,Published
130,2020-08-17,2,Chennai Branch,Published
131,2020-08-17,3,Delhi Branch,Published
132,2020-08-17,4,Kolkata Branch,Published
133,2020-08-24,1,Mumbai Head Branch,Published
134,2020-08-24,2,Chennai Branch,Published
135,2020-08-24,3,Delhi Branch,Published
136,2020-08-24,4,Kolkata Branch,Published
137,2020-08-31,1,Mumbai Head Branch,Published
138,2020-08-31,2,Chennai Branch,Published
139,2020-08-31,3,Delhi Branch,Published
140,2020-08-31,4,Kolkata Branch,Published
141,2020-09-07,1,Mumbai Head Branch,Published
142,2020-09-07,2,Chennai Branch,Published
143,2020-09-07,3,Delhi Branch,Published
144,2020-09-07,4,Kolkata Branch,Published
145,2020-09-14,1,Mumbai Head Branch,Published
146,2020-09-14,2,Chennai Branch,Published
147,2020-09-14,3,Delhi Branch,Published
148,2020-09-14,4,Kolkata Branch,Published
149,2020-09-21,1,Mumbai Head Branch,Published
150,2020-09-21,2,Chennai Branch,Published
151,2020-09-21,3,Delhi Branch,Published
152,2020-09-21,4,Kolkata Branch,Published
153,2020-09-28,1,Mumbai Head Branch,Published
154,2020-09-28,2,Chennai Branch,Published
155,2020-09-28,3,Delhi Branch,Published
156,2020-09-28,4,Kolkata Branch,Published
157,2020-10-05,1,Mumbai Head Branch,Published
158,2020-10-05,2,Chennai Branch,Published
159,2020-10-05,3,Delhi Branch,Published
160,2020-10-05,4,Kolkata Branch,Published
161,2020-10-12,1,Mumbai Head Branch,Published
162,2020-10-12,2,Chennai Branch,Published
163,2020-10-12,3,Delhi Branch,Published
164,2020-10-12,4,Kolkata Branch,Published
165,2020-10-19,1,Mumbai Head Branch,Published
166,2020-10-19,2,Chennai Branch,Published
167,2020-10-19,3,Delhi Branch,Published
168,2020-10-19,4,Kolkata Branch,Published
169,2020-10-26,1,Mumbai Head Branch,Published
170,2020-10-26,2,Chennai Branch,Published
171,2020-10-26,3,Delhi Branch,Published
172,2020-10-26,4,Kolkata Branch,Published
173,2020-11-02,1,Mumbai Head Branch,Published
174,2020-11-02,2,Chennai Branch,Published
175,2020-11-02,3,Delhi Branch,Published
176,2020-11-02,4,Kolkata Branch,Published
177,2020-11-09,1,Mumbai Head Branch,Published
178,2020-11-09,2,Chennai Branch,Published
179,2020-11-09,3,Delhi Branch,Published
180,2020-11-09,4,Kolkata Branch,Published
181,2020-11-16,1,Mumbai Head Branch,Published
182,2020-11-16,2,Chennai Branch,Published
183,2020-11-16,3,Delhi Branch,Published
184,2020-11-16,4,Kolkata Branch,Published
185,2020-11-23,1,Mumbai Head Branch,Published
186,2020-11-23,2,Chennai Branch,Published
187,2020-11-23,3,Delhi Branch,Published
188,2020-11-23,4,Kolkata Branch,Published
189,2020-11-30,1,Mumbai Head Branch,Published
190,2020-11-30,2,Chennai Branch,Published
191,2020-11-30,3,Delhi Branch,Published
192,2020-11-30,4,Kolkata Branch,Published
193,2020-12-07,1,Mumbai Head Branch,Published
194,2020-12-07,2,Chennai Branch,Published
195,2020-12-07,3,Delhi Branch,Published
196,2020-12-07,4,Kolkata Branch,Published
197,2020-12-14,1,Mumbai Head Branch,Published
198,2020-12-14,2,Chennai Branch,Published
199,2020-12-14,3,Delhi Branch,Published
200,2020-12-14,4,Kolkata Branch,Published
201,2020-12-21,1,Mumbai Head Branch,Published
202,2020-12-21,2,Chennai Branch,Published
203,2020-12-21,3,Delhi Branch,Published
204,2020-12-21,4,Kolkata Branch,Published
205,2020-12-28,1,Mumbai Head Branch,Published
206,2020-12-28,2,Chennai Branch,Published
207,2020-12-28,3,Delhi Branch,Published
208,2020-12-28,4,Kolkata Branch,Published
209,2021-01-04,1,Mumbai Head Branch,Published
210,2021-01-04,2,Chennai Branch,Published
211,2021-01-04,3,Delhi Branch,Published
212,2021-01-04,4,Kolkata Branch,Published
213,2021-01-11,1,Mumbai Head Branch,Published
214,2021-01-11,2,Chennai Branch,Published
215,2021-01-11,3,Delhi Branch,Published
216,2021-01-11,4,Kolkata Branch,Published
217,2021-01-18,1,Mumbai Head Branch,Published
218,2021-01-18,2,Chennai Branch,Published
219,2021-01-18,3,Delhi Branch,Published
220,2021-01-18,4,Kolkata Branch,Published
221,2021-01-25,1,Mumbai Head Branch,Published
222,2021-01-25,2,Chennai Branch,Published
223,2021-01-25,3,Delhi Branch,Published
224,2021-01-25,4,Kolkata Branch,Published
225,2021-02-01,1,Mumbai Head Branch,Published
226,2021-02-01,2,Chennai Branch,Published
227,2021-02-01,3,Delhi Branch,Published
228,2021-02-01,4,Kolkata Branch,Published
229,2021-02-08,1,Mumbai Head Branch,Published
230,2021-02-08,2,Chennai Branch,Published
231,2021-02-08,3,Delhi Branch,Published
232,2021-02-08,4,Kolkata Branch,Published
233,2021-02-15,1,Mumbai Head Branch,Published
234,2021-02-15,2,Chennai Branch,Published
235,2021-02-15,3,Delhi Branch,Published
236,2021-02-15,4,Kolkata Branch,Published
237,2021-02-22,1,Mumbai Head Branch,Published
238,2021-02-22,2,Chennai Branch,Published
239,2021-02-22,3,Delhi Branch,Published
240,2021-02-22,4,Kolkata Branch,Published
241,2021-03-01,1,Mumbai Head Branch,Published
242,2021-03-01,2,Chennai Branch,Published
243,2021-03-01,3,Delhi Branch,Published
244,2021-03-01,4,Kolkata Branch,Published
245,2021-03-08,1,Mumbai Head Branch,Published
246,2021-03-08,2,Chennai Branch,Published
247,2021-03-08,3,Delhi Branch,Published
248,2021-03-08,4,Kolkata Branch,Published
249,2021-03-15,1,Mumbai Head Branch,Published
250,2021-03-15,2,Chennai Branch,Published
251,2021-03-15,3,Delhi Branch,Published
252,2021-03-15,4,Kolkata Branch,Published
253,2021-03-22,1,Mumbai Head Branch,Published
254,2021-03-22,2,Chennai Branch,Published
255,2021-03-22,3,Delhi Branch,Published
256,2021-03-22,4,Kolkata Branch,Published
257,2021-03-29,1,Mumbai Head Branch,Published
258,2021-03-29,2,Chennai Branch,Published
259,2021-03-29,3,Delhi Branch,Published
260,2021-03-29,4,Kolkata Branch,Published
261,2021-04-05,1,Mumbai Head Branch,Published
262,2021-04-05,2,Chennai Branch,Published
263,2021-04-05,3,Delhi Branch,Published
264,2021-04-05,4,Kolkata Branch,Published
265,2021-04-12,1,Mumbai Head Branch,Published
266,2021-04-12,2,Chennai Branch,Published
267,2021-04-12,3,Delhi Branch,Published
268,2021-04-12,4,Kolkata Branch,Published
269,2021-04-19,1,Mumbai Head Branch,Published
270,2021-04-19,2,Chennai Branch,Published
271,2021-04-19,3,Delhi Branch,Published
272,2021-04-19,4,Kolkata Branch,Published
273,2021-04-26,1,Mumbai Head Branch,Published
274,2021-04-26,2,Chennai Branch,Published
275,2021-04-26,3,Delhi Branch,Published
276,2021-04-26,4,Kolkata Branch,Published
277,2021-05-03,1,Mumbai Head Branch,Published
278,2021-05-03,2,Chennai Branch,Published
279,2021-05-03,3,Delhi Branch,Published
280,2021-05-03,4,Kolkata Branch,Published
281,2021-05-10,1,Mumbai Head Branch,Published
282,2021-05-10,2,Chennai Branch,Published
283,2021-05-10,3,Delhi Branch,Published
284,2021-05-10,4,Kolkata Branch,Published
285,2021-05-17,1,Mumbai Head Branch,Published
286,2021-05-17,2,Chennai Branch,Published
287,2021-05-17,3,Delhi Branch,Published
288,2021-05-17,4,Kolkata Branch,Published
289,2021-05-24,1,Mumbai Head Branch,Published
290,2021-05-24,2,Chennai Branch,Published
291,2021-05-24,3,Delhi Branch,Published
292,2021-05-24,4,Kolkata Branch,Published
293,2021-05-31,1,Mumbai Head Branch,Published
294,2021-05-31,2,Chennai Branch,Published
295,2021-05-31,3,Delhi Branch,Published
296,2021-05-31,4,Kolkata Branch,Published
297,2021-06-07,1,Mumbai Head Branch,Published
298,2021-06-07,2,Chennai Branch,Published
299,2021-06-07,3,Delhi Branch,Published
300,2021-06-07,4,Kolkata Branch,Published
301,2021-06-14,1,Mumbai Head Branch,Published
302,2021-06-14,2,Chennai Branch,Published
303,2021-06-14,3,Delhi Branch,Published
304,2021-06-14,4,Kolkata Branch,Published
305,2021-06-21,1,Mumbai Head Branch,Published
306,2021-06-21,2,Chennai Branch,Published
307,2021-06-21,3,Delhi Branch,Published
308,2021-06-21,4,Kolkata Branch,Published
309,2021-06-28,1,Mumbai Head Branch,Published
310,2021-06-28,2,Chennai Branch,Published
311,2021-06-28,3,Delhi Branch,Published
312,2021-06-28,4,Kolkata Branch,Published
313,2021-07-05,1,Mumbai Head Branch,Published
314,2021-07-05,2,Chennai Branch,Published
315,2021-07-05,3,Delhi Branch,Published
316,2021-07-05,4,Kolkata Branch,Published
317,2021-07-12,1,Mumbai Head Branch,Published
318,2021-07-12,2,Chennai Branch,Published
319,2021-07-12,3,Delhi Branch,Published
320,2021-07-12,4,Kolkata Branch,Published
321,2021-07-19,1,Mumbai Head Branch,Published
322,2021-07-19,2,Chennai Branch,Published
323,2021-07-19,3,Delhi Branch,Published
324,2021-07-19,4,Kolkata Branch,Published
325,2021-07-26,1,Mumbai Head Branch,Published
326,2021-07-26,2,Chennai Branch,Published
327,2021-07-26,3,Delhi Branch,Published
328,2021-07-26,4,Kolkata Branch,Published
329,2021-08-02,1,Mumbai Head Branch,Published
330,2021-08-02,2,Chennai Branch,Published
331,2021-08-02,3,Delhi Branch,Published
332,2021-08-02,4,Kolkata Branch,Published
333,2021-08-09,1,Mumbai Head Branch,Published
334,2021-08-09,2,Chennai Branch,Published
335,2021-08-09,3,Delhi Branch,Published
336,2021-08-09,4,Kolkata Branch,Published
337,2021-08-16,1,Mumbai Head Branch,Published
338,2021-08-16,2,Chennai Branch,Published
339,2021-08-16,3,Delhi Branch,Published
340,2021-08-16,4,Kolkata Branch,Published
341,2021-08-23,1,Mumbai Head Branch,Published
342,2021-08-23,2,Chennai Branch,Published
343,2021-08-23,3,Delhi Branch,Published
344,2021-08-23,4,Kolkata Branch,Published
345,2021-08-30,1,Mumbai Head Branch,Published
346,2021-08-30,2,Chennai Branch,Published
347,2021-08-30,3,Delhi Branch,Published
348,2021-08-30,4,Kolkata Branch,Published
349,2021-09-06,1,Mumbai Head Branch,Published
350,2021-09-06,2,Chennai Branch,Published
351,2021-09-06,3,Delhi Branch,Published
352,2021-09-06,4,Kolkata Branch,Published
353,2021-09-13,1,Mumbai Head Branch,Published
354,2021-09-13,2,Chennai Branch,Published
355,2021-09-13,3,Delhi Branch,Published
356,2021-09-13,4,Kolkata Branch,Published
357,2021-09-20,1,Mumbai Head Branch,Published
358,2021-09-20,2,Chennai Branch,Published
359,2021-09-20,3,Delhi Branch,Published
360,2021-09-20,4,Kolkata Branch,Published
361,2021-09-27,1,Mumbai Head Branch,Published
362,2021-09-27,2,Chennai Branch,Published
363,2021-09-27,3,Delhi Branch,Published
364,2021-09-27,4,Kolkata Branch,Published
365,2021-10-04,1,Mumbai Head Branch,Published
366,2021-10-04,2,Chennai Branch,Published
367,2021-10-04,3,Delhi Branch,Published
368,2021-10-04,4,Kolkata Branch,Published
369,2021-10-11,1,Mumbai Head Branch,Published
370,2021-10-11,2,Chennai Branch,Published
371,2021-10-11,3,Delhi Branch,Published
372,2021-10-11,4,Kolkata Branch,Published
373,2021-10-18,1,Mumbai Head Branch,Published
374,2021-10-18,2,Chennai Branch,Published
375,2021-10-18,3,Delhi Branch,Published
376,2021-10-18,4,Kolkata Branch,Published
377,2021-10-25,1,Mumbai Head Branch,Published
378,2021-10-25,2,Chennai Branch,Published
379,2021-10-25,3,Delhi Branch,Published
380,2021-10-25,4,Kolkata Branch,Published
381,2021-11-01,1,Mumbai Head Branch,Published
382,2021-11-01,2,Chennai Branch,Published
383,2021-11-01,3,Delhi Branch,Published
384,2021-11-01,4,Kolkata Branch,Published
385,2021-11-08,1,Mumbai Head Branch,Published
386,2021-11-08,2,Chennai Branch,Published
387,2021-11-08,3,Delhi Branch,Published
388,2021-11-08,4,Kolkata Branch,Published
389,2021-11-15,1,Mumbai Head Branch,Published
390,2021-11-15,2,Chennai Branch,Published
391,2021-11-15,3,Delhi Branch,Published
392,2021-11-15,4,Kolkata Branch,Published
393,2021-11-22,1,Mumbai Head Branch,Published
394,2021-11-22,2,Chennai Branch,Published
395,2021-11-22,3,Delhi Branch,Published
396,2021-11-22,4,Kolkata Branch,Published
397,2021-11-29,1,Mumbai Head Branch,Published
398,2021-11-29,2,Chennai Branch,Published
399,2021-11-29,3,Delhi Branch,Published
400,2021-11-29,4,Kolkata Branch,Published
401,2021-12-06,1,Mumbai Head Branch,Published
402,2021-12-06,2,Chennai Branch,Published
403,2021-12-06,3,Delhi Branch,Published
404,2021-12-06,4,Kolkata Branch,Published
405,2021-12-13,1,Mumbai Head Branch,Published
406,2021-12-13,2,Chennai Branch,Published
407,2021-12-13,3,Delhi Branch,Published
408,2021-12-13,4,Kolkata Branch,Published
409,2021-12-20,1,Mumbai Head Branch,Published
410,2021-12-20,2,Chennai Branch,Published
411,2021-12-20,3,Delhi Branch,Published
412,2021-12-20,4,Kolkata Branch,Published
413,2021-12-27,1,Mumbai Head Branch,Published
414,2021-12-27,2,Chennai Branch,Published
415,2021-12-27,3,Delhi Branch,Published
416,2021-12-27,4,Kolkata Branch,Published
417,2022-01-03,1,Mumbai Head Branch,Published
418,2022-01-03,2,Chennai Branch,Published
419,2022-01-03,3,Delhi Branch,Published
420,2022-01-03,4,Kolkata Branch,Published
421,2022-01-10,1,Mumbai Head Branch,Published
422,2022-01-10,2,Chennai Branch,Published
423,2022-01-10,3,Delhi Branch,Published
424,2022-01-10,4,Kolkata Branch,Published
425,2022-01-17,1,Mumbai Head Branch,Published
426,2022-01-17,2,Chennai Branch,Published
427,2022-01-17,3,Delhi Branch,Published
428,2022-01-17,4,Kolkata Branch,Published
429,2022-01-24,1,Mumbai Head Branch,Published
430,2022-01-24,2,Chennai Branch,Published
431,2022-01-24,3,Delhi Branch,Published
432,2022-01-24,4,Kolkata Branch,Published
433,2022-01-31,1,Mumbai Head Branch,Published
434,2022-01-31,2,Chennai Branch,Published
435,2022-01-31,3,Delhi Branch,Published
436,2022-01-31,4,Kolkata Branch,Published
437,2022-02-07,1,Mumbai Head Branch,Published
438,2022-02-07,2,Chennai Branch,Published
439,2022-02-07,3,Delhi Branch,Published
440,2022-02-07,4,Kolkata Branch,Published
441,2022-02-14,1,Mumbai Head Branch,Published
442,2022-02-14,2,Chennai Branch,Published
443,2022-02-14,3,Delhi Branch,Published
444,2022-02-14,4,Kolkata Branch,Published
445,2022-02-21,1,Mumbai Head Branch,Published
446,2022-02-21,2,Chennai Branch,Published
447,2022-02-21,3,Delhi Branch,Published
448,2022-02-21,4,Kolkata Branch,Published
449,2022-02-28,1,Mumbai Head Branch,Published
450,2022-02-28,2,Chennai Branch,Published
451,2022-02-28,3,Delhi Branch,Published
452,2022-02-28,4,Kolkata Branch,Published
453,2022-03-07,1,Mumbai Head Branch,Published
454,2022-03-07,2,Chennai Branch,Published
455,2022-03-07,3,Delhi Branch,Published
456,2022-03-07,4,Kolkata Branch,Published
457,2022-03-14,1,Mumbai Head Branch,Published
458,2022-03-14,2,Chennai Branch,Published
459,2022-03-14,3,Delhi Branch,Published
460,2022-03-14,4,Kolkata Branch,Published
461,2022-03-21,1,Mumbai Head Branch,Published
462,2022-03-21,2,Chennai Branch,Published
463,2022-03-21,3,Delhi Branch,Published
464,2022-03-21,4,Kolkata Branch,Published
465,2022-03-28,1,Mumbai Head Branch,Published
466,2022-03-28,2,Chennai Branch,Published
467,2022-03-28,3,Delhi Branch,Published
468,2022-03-28,4,Kolkata Branch,Published
469,2022-04-04,1,Mumbai Head Branch,Published
470,2022-04-04,2,Chennai Branch,Published
471,2022-04-04,3,Delhi Branch,Published
472,2022-04-04,4,Kolkata Branch,Published
473,2022-04-11,1,Mumbai Head Branch,Published
474,2022-04-11,2,Chennai Branch,Published
475,2022-04-11,3,Delhi Branch,Published
476,2022-04-11,4,Kolkata Branch,Published
477,2022-04-18,1,Mumbai Head Branch,Published
478,2022-04-18,2,Chennai Branch,Published
479,2022-04-18,3,Delhi Branch,Published
480,2022-04-18,4,Kolkata Branch,Published
481,2022-04-25,1,Mumbai Head Branch,Published
482,2022-04-25,2,Chennai Branch,Published
483,2022-04-25,3,Delhi Branch,Published
484,2022-04-25,4,Kolkata Branch,Published
485,2022-05-02,1,Mumbai Head Branch,Published
486,2022-05-02,2,Chennai Branch,Published
487,2022-05-02,3,Delhi Branch,Published
488,2022-05-02,4,Kolkata Branch,Published
489,2022-05-09,1,Mumbai Head Branch,Published
490,2022-05-09,2,Chennai Branch,Published
491,2022-05-09,3,Delhi Branch,Published
492,2022-05-09,4,Kolkata Branch,Published
493,2022-05-16,1,Mumbai Head Branch,Published
494,2022-05-16,2,Chennai Branch,Published
495,2022-05-16,3,Delhi Branch,Published
496,2022-05-16,4,Kolkata Branch,Published
497,2022-05-23,1,Mumbai Head Branch,Published
498,2022-05-23,2,Chennai Branch,Published
499,2022-05-23,3,Delhi Branch,Published
500,2022-05-23,4,Kolkata Branch,Published
501,2022-05-30,1,Mumbai Head Branch,Published
502,2022-05-30,2,Chennai Branch,Published
503,2022-05-30,3,Delhi Branch,Published
504,2022-05-30,4,Kolkata Branch,Published
505,2022-06-06,1,Mumbai Head Branch,Published
506,2022-06-06,2,Chennai Branch,Published
507,2022-06-06,3,Delhi Branch,Published
508,2022-06-06,4,Kolkata Branch,Published
509,2022-06-13,1,Mumbai Head Branch,Published
510,2022-06-13,2,Chennai Branch,Published
511,2022-06-13,3,Delhi Branch,Published
512,2022-06-13,4,Kolkata Branch,Published
513,2022-06-20,1,Mumbai Head Branch,Published
514,2022-06-20,2,Chennai Branch,Published
515,2022-06-20,3,Delhi Branch,Published
516,2022-06-20,4,Kolkata Branch,Published
517,2022-06-27,1,Mumbai Head Branch,Published
518,2022-06-27,2,Chennai Branch,Published
519,2022-06-27,3,Delhi Branch,Published
520,2022-06-27,4,Kolkata Branch,Published
521,2022-07-04,1,Mumbai Head Branch,Published
522,2022-07-04,2,Chennai Branch,Published
523,2022-07-04,3,Delhi Branch,Published
524,2022-07-04,4,Kolkata Branch,Published
525,2022-07-11,1,Mumbai Head Branch,Published
526,2022-07-11,2,Chennai Branch,Published
527,2022-07-11,3,Delhi Branch,Published
528,2022-07-11,4,Kolkata Branch,Published
529,2022-07-18,1,Mumbai Head Branch,Published
530,2022-07-18,2,Chennai Branch,Published
531,2022-07-18,3,Delhi Branch,Published
532,2022-07-18,4,Kolkata Branch,Published
533,2022-07-25,1,Mumbai Head Branch,Published
534,2022-07-25,2,Chennai Branch,Published
535,2022-07-25,3,Delhi Branch,Published
536,2022-07-25,4,Kolkata Branch,Published
537,2022-08-01,1,Mumbai Head Branch,Published
538,2022-08-01,2,Chennai Branch,Published
539,2022-08-01,3,Delhi Branch,Published
540,2022-08-01,4,Kolkata Branch,Published
541,2022-08-08,1,Mumbai Head Branch,Published
542,2022-08-08,2,Chennai Branch,Published
543,2022-08-08,3,Delhi Branch,Published
544,2022-08-08,4,Kolkata Branch,Published
545,2022-08-15,1,Mumbai Head Branch,Published
546,2022-08-15,2,Chennai Branch,Published
547,2022-08-15,3,Delhi Branch,Published
548,2022-08-15,4,Kolkata Branch,Published
549,2022-08-22,1,Mumbai Head Branch,Published
550,2022-08-22,2,Chennai Branch,Published
551,2022-08-22,3,Delhi Branch,Published
552,2022-08-22,4,Kolkata Branch,Published
553,2022-08-29,1,Mumbai Head Branch,Published
554,2022-08-29,2,Chennai Branch,Published
555,2022-08-29,3,Delhi Branch,Published
556,2022-08-29,4,Kolkata Branch,Published
557,2022-09-05,1,Mumbai Head Branch,Published
558,2022-09-05,2,Chennai Branch,Published
559,2022-09-05,3,Delhi Branch,Published
560,2022-09-05,4,Kolkata Branch,Published
561,2022-09-12,1,Mumbai Head Branch,Published
562,2022-09-12,2,Chennai Branch,Published
563,2022-09-12,3,Delhi Branch,Published
564,2022-09-12,4,Kolkata Branch,Published
565,2022-09-19,1,Mumbai Head Branch,Published
566,2022-09-19,2,Chennai Branch,Published
567,2022-09-19,3,Delhi Branch,Published
568,2022-09-19,4,Kolkata Branch,Published
569,2022-09-26,1,Mumbai Head Branch,Published
570,2022-09-26,2,Chennai Branch,Published
571,2022-09-26,3,Delhi Branch,Published
572,2022-09-26,4,Kolkata Branch,Published
573,2022-10-03,1,Mumbai Head Branch,Published
574,2022-10-03,2,Chennai Branch,Published
575,2022-10-03,3,Delhi Branch,Published
576,2022-10-03,4,Kolkata Branch,Published
577,2022-10-10,1,Mumbai Head Branch,Published
578,2022-10-10,2,Chennai Branch,Published
579,2022-10-10,3,Delhi Branch,Published
580,2022-10-10,4,Kolkata Branch,Published
581,2022-10-17,1,Mumbai Head Branch,Published
582,2022-10-17,2,Chennai Branch,Published
583,2022-10-17,3,Delhi Branch,Published
584,2022-10-17,4,Kolkata Branch,Published
585,2022-10-24,1,Mumbai Head Branch,Published
586,2022-10-24,2,Chennai Branch,Published
587,2022-10-24,3,Delhi Branch,Published
588,2022-10-24,4,Kolkata Branch,Published
589,2022-10-31,1,Mumbai Head Branch,Published
590,2022-10-31,2,Chennai Branch,Published
591,2022-10-31,3,Delhi Branch,Published
592,2022-10-31,4,Kolkata Branch,Published
593,2022-11-07,1,Mumbai Head Branch,Published
594,2022-11-07,2,Chennai Branch,Published
595,2022-11-07,3,Delhi Branch,Published
596,2022-11-07,4,Kolkata Branch,Published
597,2022-11-14,1,Mumbai Head Branch,Published
598,2022-11-14,2,Chennai Branch,Published
599,2022-11-14,3,Delhi Branch,Published
600,2022-11-14,4,Kolkata Branch,Published
601,2022-11-21,1,Mumbai Head Branch,Published
602,2022-11-21,2,Chennai Branch,Published
603,2022-11-21,3,Delhi Branch,Published
604,2022-11-21,4,Kolkata Branch,Published
605,2022-11-28,1,Mumbai Head Branch,Published
606,2022-11-28,2,Chennai Branch,Published
607,2022-11-28,3,Delhi Branch,Published
608,2022-11-28,4,Kolkata Branch,Published
609,2022-12-05,1,Mumbai Head Branch,Published
610,2022-12-05,2,Chennai Branch,Published
611,2022-12-05,3,Delhi Branch,Published
612,2022-12-05,4,Kolkata Branch,Published
613,2022-12-12,1,Mumbai Head Branch,Published
614,2022-12-12,2,Chennai Branch,Published
615,2022-12-12,3,Delhi Branch,Published
616,2022-12-12,4,Kolkata Branch,Published
617,2022-12-19,1,Mumbai Head Branch,Published
618,2022-12-19,2,Chennai Branch,Published
619,2022-12-19,3,Delhi Branch,Published
620,2022-12-19,4,Kolkata Branch,Published
621,2022-12-26,1,Mumbai Head Branch,Published
622,2022-12-26,2,Chennai Branch,Published
623,2022-12-26,3,Delhi Branch,Published
624,2022-12-26,4,Kolkata Branch,Published
625,2023-01-02,1,Mumbai Head Branch,Published
626,2023-01-02,2,Chennai Branch,Published
627,2023-01-02,3,Delhi Branch,Published
628,2023-01-02,4,Kolkata Branch,Published
629,2023-01-09,1,Mumbai Head Branch,Published
630,2023-01-09,2,Chennai Branch,Published
631,2023-01-09,3,Delhi Branch,Published
632,2023-01-09,4,Kolkata Branch,Published
633,2023-01-16,1,Mumbai Head Branch,Published
634,2023-01-16,2,Chennai Branch,Published
635,2023-01-16,3,Delhi Branch,Published
636,2023-01-16,4,Kolkata Branch,Published
637,2023-01-23,1,Mumbai Head Branch,Published
638,2023-01-23,2,Chennai Branch,Published
639,2023-01-23,3,Delhi Branch,Published
640,2023-01-23,4,Kolkata Branch,Published
641,2023-01-30,1,Mumbai Head Branch,Published
642,2023-01-30,2,Chennai Branch,Published
643,2023-01-30,3,Delhi Branch,Published
644,2023-01-30,4,Kolkata Branch,Published
645,2023-02-06,1,Mumbai Head Branch,Published
646,2023-02-06,2,Chennai Branch,Published
647,2023-02-06,3,Delhi Branch,Published
648,2023-02-06,4,Kolkata Branch,Published
649,2023-02-13,1,Mumbai Head Branch,Published
650,2023-02-13,2,Chennai Branch,Published
651,2023-02-13,3,Delhi Branch,Published
652,2023-02-13,4,Kolkata Branch,Published
653,2023-02-20,1,Mumbai Head Branch,Published
654,2023-02-20,2,Chennai Branch,Published
655,2023-02-20,3,Delhi Branch,Published
656,2023-02-20,4,Kolkata Branch,Published
657,2023-02-27,1,Mumbai Head Branch,Published
658,2023-02-27,2,Chennai Branch,Published
659,2023-02-27,3,Delhi Branch,Published
660,2023-02-27,4,Kolkata Branch,Published
661,2023-03-06,1,Mumbai Head Branch,Published
662,2023-03-06,2,Chennai Branch,Published
663,2023-03-06,3,Delhi Branch,Published
664,2023-03-06,4,Kolkata Branch,Published
665,2023-03-13,1,Mumbai Head Branch,Published
666,2023-03-13,2,Chennai Branch,Published
667,2023-03-13,3,Delhi Branch,Published
668,2023-03-13,4,Kolkata Branch,Published
669,2023-03-20,1,Mumbai Head Branch,Published
670,2023-03-20,2,Chennai Branch,Published
671,2023-03-20,3,Delhi Branch,Published
672,2023-03-20,4,Kolkata Branch,Published
673,2023-03-27,1,Mumbai Head Branch,Published
674,2023-03-27,2,Chennai Branch,Published
675,2023-03-27,3,Delhi Branch,Published
676,2023-03-27,4,Kolkata Branch,Published
677,2023-04-03,1,Mumbai Head Branch,Published
678,2023-04-03,2,Chennai Branch,Published
679,2023-04-03,3,Delhi Branch,Published
680,2023-04-03,4,Kolkata Branch,Published
681,2023-04-10,1,Mumbai Head Branch,Published
682,2023-04-10,2,Chennai Branch,Published
683,2023-04-10,3,Delhi Branch,Published
684,2023-04-10,4,Kolkata Branch,Published
685,2023-04-17,1,Mumbai Head Branch,Published
686,2023-04-17,2,Chennai Branch,Published
687,2023-04-17,3,Delhi Branch,Published
688,2023-04-17,4,Kolkata Branch,Published
689,2023-04-24,1,Mumbai Head Branch,Published
690,2023-04-24,2,Chennai Branch,Published
691,2023-04-24,3,Delhi Branch,Published
692,2023-04-24,4,Kolkata Branch,Published
693,2023-05-01,1,Mumbai Head Branch,Published
694,2023-05-01,2,Chennai Branch,Published
695,2023-05-01,3,Delhi Branch,Published
696,2023-05-01,4,Kolkata Branch,Published
697,2023-05-08,1,Mumbai Head Branch,Published
698,2023-05-08,2,Chennai Branch,Published
699,2023-05-08,3,Delhi Branch,Published
700,2023-05-08,4,Kolkata Branch,Published
701,2023-05-15,1,Mumbai Head Branch,Published
702,2023-05-15,2,Chennai Branch,Published
703,2023-05-15,3,Delhi Branch,Published
704,2023-05-15,4,Kolkata Branch,Published
705,2023-05-22,1,Mumbai Head Branch,Published
706,2023-05-22,2,Chennai Branch,Published
707,2023-05-22,3,Delhi Branch,Published
708,2023-05-22,4,Kolkata Branch,Published
709,2023-05-29,1,Mumbai Head Branch,Published
710,2023-05-29,2,Chennai Branch,Published
711,2023-05-29,3,Delhi Branch,Published
712,2023-05-29,4,Kolkata Branch,Published
713,2023-06-05,1,Mumbai Head Branch,Published
714,2023-06-05,2,Chennai Branch,Published
715,2023-06-05,3,Delhi Branch,Published
716,2023-06-05,4,Kolkata Branch,Published
717,2023-06-12,1,Mumbai Head Branch,Published
718,2023-06-12,2,Chennai Branch,Published
719,2023-06-12,3,Delhi Branch,Published
720,2023-06-12,4,Kolkata Branch,Published
721,2023-06-19,1,Mumbai Head Branch,Published
722,2023-06-19,2,Chennai Branch,Published
723,2023-06-19,3,Delhi Branch,Published
724,2023-06-19,4,Kolkata Branch,Published
725,2023-06-26,1,Mumbai Head Branch,Published
726,2023-06-26,2,Chennai Branch,Published
727,2023-06-26,3,Delhi Branch,Published
728,2023-06-26,4,Kolkata Branch,Published
729,2023-07-03,1,Mumbai Head Branch,Published
730,2023-07-03,2,Chennai Branch,Published
731,2023-07-03,3,Delhi Branch,Published
732,2023-07-03,4,Kolkata Branch,Published
733,2023-07-10,1,Mumbai Head Branch,Published
734,2023-07-10,2,Chennai Branch,Published
735,2023-07-10,3,Delhi Branch,Published
736,2023-07-10,4,Kolkata Branch,Published
737,2023-07-17,1,Mumbai Head Branch,Published
738,2023-07-17,2,Chennai Branch,Published
739,2023-07-17,3,Delhi Branch,Published
740,2023-07-17,4,Kolkata Branch,Published
741,2023-07-24,1,Mumbai Head Branch,Published
742,2023-07-24,2,Chennai Branch,Published
743,2023-07-24,3,Delhi Branch,Published
744,2023-07-24,4,Kolkata Branch,Published
745,2023-07-31,1,Mumbai Head Branch,Published
746,2023-07-31,2,Chennai Branch,Published
747,2023-07-31,3,Delhi Branch,Published
748,2023-07-31,4,Kolkata Branch,Published
749,2023-08-07,1,Mumbai Head Branch,Published
750,2023-08-07,2,Chennai Branch,Published
751,2023-08-07,3,Delhi Branch,Published
752,2023-08-07,4,Kolkata Branch,Published
753,2023-08-14,1,Mumbai Head Branch,Published
754,2023-08-14,2,Chennai Branch,Published
755,2023-08-14,3,Delhi Branch,Published
756,2023-08-14,4,Kolkata Branch,Published
757,2023-08-21,1,Mumbai Head Branch,Published
758,2023-08-21,2,Chennai Branch,Published
759,2023-08-21,3,Delhi Branch,Published
760,2023-08-21,4,Kolkata Branch,Published
761,2023-08-28,1,Mumbai Head Branch,Published
762,2023-08-28,2,Chennai Branch,Published
763,2023-08-28,3,Delhi Branch,Published
764,2023-08-28,4,Kolkata Branch,Published
765,2023-09-04,1,Mumbai Head Branch,Published
766,2023-09-04,2,Chennai Branch,Published
767,2023-09-04,3,Delhi Branch,Published
768,2023-09-04,4,Kolkata Branch,Published
769,2023-09-11,1,Mumbai Head Branch,Published
770,2023-09-11,2,Chennai Branch,Published
771,2023-09-11,3,Delhi Branch,Published
772,2023-09-11,4,Kolkata Branch,Published
773,2023-09-18,1,Mumbai Head Branch,Published
774,2023-09-18,2,Chennai Branch,Published
775,2023-09-18,3,Delhi Branch,Published
776,2023-09-18,4,Kolkata Branch,Published
777,2023-09-25,1,Mumbai Head Branch,Published
778,2023-09-25,2,Chennai Branch,Published
779,2023-09-25,3,Delhi Branch,Published
780,2023-09-25,4,Kolkata Branch,Published
781,2023-10-02,1,Mumbai Head Branch,Published
782,2023-10-02,2,Chennai Branch,Published
783,2023-10-02,3,Delhi Branch,Published
784,2023-10-02,4,Kolkata Branch,Published
785,2023-10-09,1,Mumbai Head Branch,Published
786,2023-10-09,2,Chennai Branch,Published
787,2023-10-09,3,Delhi Branch,Published
788,2023-10-09,4,Kolkata Branch,Published
789,2023-10-16,1,Mumbai Head Branch,Published
790,2023-10-16,2,Chennai Branch,Published
791,2023-10-16,3,Delhi Branch,Published
792,2023-10-16,4,Kolkata Branch,Published
793,2023-10-23,1,Mumbai Head Branch,Published
794,2023-10-23,2,Chennai Branch,Published
795,2023-10-23,3,Delhi Branch,Published
796,2023-10-23,4,Kolkata Branch,Published
797,2023-10-30,1,Mumbai Head Branch,Published
798,2023-10-30,2,Chennai Branch,Published
799,2023-10-30,3,Delhi Branch,Published
800,2023-10-30,4,Kolkata Branch,Published
801,2023-11-06,1,Mumbai Head Branch,Published
802,2023-11-06,2,Chennai Branch,Published
803,2023-11-06,3,Delhi Branch,Published
804,2023-11-06,4,Kolkata Branch,Published
805,2023-11-13,1,Mumbai Head Branch,Published
806,2023-11-13,2,Chennai Branch,Published
807,2023-11-13,3,Delhi Branch,Published
808,2023-11-13,4,Kolkata Branch,Published
809,2023-11-20,1,Mumbai Head Branch,Published
810,2023-11-20,2,Chennai Branch,Published
811,2023-11-20,3,Delhi Branch,Published
812,2023-11-20,4,Kolkata Branch,Published
813,2023-11-27,1,Mumbai Head Branch,Published
814,2023-11-27,2,Chennai Branch,Published
815,2023-11-27,3,Delhi Branch,Published
816,2023-11-27,4,Kolkata Branch,Published
817,2023-12-04,1,Mumbai Head Branch,Published
818,2023-12-04,2,Chennai Branch,Published
819,2023-12-04,3,Delhi Branch,Published
820,2023-12-04,4,Kolkata Branch,Published
821,2023-12-11,1,Mumbai Head Branch,Published
822,2023-12-11,2,Chennai Branch,Published
823,2023-12-11,3,Delhi Branch,Published
824,2023-12-11,4,Kolkata Branch,Published
825,2023-12-18,1,Mumbai Head Branch,Published
826,2023-12-18,2,Chennai Branch,Published
827,2023-12-18,3,Delhi Branch,Published
828,2023-12-18,4,Kolkata Branch,Published
829,2023-12-25,1,Mumbai Head Branch,Published
830,2023-12-25,2,Chennai Branch,Published
831,2023-12-25,3,Delhi Branch,Published
832,2023-12-25,4,Kolkata Branch,Published
833,2024-01-01,1,Mumbai Head Branch,Published
834,2024-01-01,2,Chennai Branch,Published
835,2024-01-01,3,Delhi Branch,Published
836,2024-01-01,4,Kolkata Branch,Published
837,2024-01-08,1,Mumbai Head Branch,Published
838,2024-01-08,2,Chennai Branch,Published
839,2024-01-08,3,Delhi Branch,Published
840,2024-01-08,4,Kolkata Branch,Published
841,2024-01-15,1,Mumbai Head Branch,Published
842,2024-01-15,2,Chennai Branch,Published
843,2024-01-15,3,Delhi Branch,Published
844,2024-01-15,4,Kolkata Branch,Published
845,2024-01-22,1,Mumbai Head Branch,Published
846,2024-01-22,2,Chennai Branch,Published
847,2024-01-22,3,Delhi Branch,Published
848,2024-01-22,4,Kolkata Branch,Published
849,2024-01-29,1,Mumbai Head Branch,Published
850,2024-01-29,2,Chennai Branch,Published
851,2024-01-29,3,Delhi Branch,Published
852,2024-01-29,4,Kolkata Branch,Published
853,2024-02-05,1,Mumbai Head Branch,Published
854,2024-02-05,2,Chennai Branch,Published
855,2024-02-05,3,Delhi Branch,Published
856,2024-02-05,4,Kolkata Branch,Published
857,2024-02-12,1,Mumbai Head Branch,Published
858,2024-02-12,2,Chennai Branch,Published
859,2024-02-12,3,Delhi Branch,Published
860,2024-02-12,4,Kolkata Branch,Published
861,2024-02-19,1,Mumbai Head Branch,Published
862,2024-02-19,2,Chennai Branch,Published
863,2024-02-19,3,Delhi Branch,Published
864,2024-02-19,4,Kolkata Branch,Published
865,2024-02-26,1,Mumbai Head Branch,Published
866,2024-02-26,2,Chennai Branch,Published
867,2024-02-26,3,Delhi Branch,Published
868,2024-02-26,4,Kolkata Branch,Published
869,2024-03-04,1,Mumbai Head Branch,Published
870,2024-03-04,2,Chennai Branch,Published
871,2024-03-04,3,Delhi Branch,Published
872,2024-03-04,4,Kolkata Branch,Published
873,2024-03-11,1,Mumbai Head Branch,Published
874,2024-03-11,2,Chennai Branch,Published
875,2024-03-11,3,Delhi Branch,Published
876,2024-03-11,4,Kolkata Branch,Published
877,2024-03-18,1,Mumbai Head Branch,Published
878,2024-03-18,2,Chennai Branch,Published
879,2024-03-18,3,Delhi Branch,Published
880,2024-03-18,4,Kolkata Branch,Published
881,2024-03-25,1,Mumbai Head Branch,Published
882,2024-03-25,2,Chennai Branch,Published
883,2024-03-25,3,Delhi Branch,Published
884,2024-03-25,4,Kolkata Branch,Published
885,2024-04-01,1,Mumbai Head Branch,Published
886,2024-04-01,2,Chennai Branch,Published
887,2024-04-01,3,Delhi Branch,Published
888,2024-04-01,4,Kolkata Branch,Published
889,2024-04-08,1,Mumbai Head Branch,Published
890,2024-04-08,2,Chennai Branch,Published
891,2024-04-08,3,Delhi Branch,Published
892,2024-04-08,4,Kolkata Branch,Published
893,2024-04-15,1,Mumbai Head Branch,Published
894,2024-04-15,2,Chennai Branch,Published
895,2024-04-15,3,Delhi Branch,Published
896,2024-04-15,4,Kolkata Branch,Published
897,2024-04-22,1,Mumbai Head Branch,Published
898,2024-04-22,2,Chennai Branch,Published
899,2024-04-22,3,Delhi Branch,Published
900,2024-04-22,4,Kolkata Branch,Published
901,2024-04-29,1,Mumbai Head Branch,Published
902,2024-04-29,2,Chennai Branch,Published
903,2024-04-29,3,Delhi Branch,Published
904,2024-04-29,4,Kolkata Branch,Published
905,2024-05-06,1,Mumbai Head Branch,Published
906,2024-05-06,2,Chennai Branch,Published
907,2024-05-06,3,Delhi Branch,Published
908,2024-05-06,4,Kolkata Branch,Published
909,2024-05-13,1,Mumbai Head Branch,Published
910,2024-05-13,2,Chennai Branch,Published
911,2024-05-13,3,Delhi Branch,Published
912,2024-05-13,4,Kolkata Branch,Published
913,2024-05-20,1,Mumbai Head Branch,Published
914,2024-05-20,2,Chennai Branch,Published
915,2024-05-20,3,Delhi Branch,Published
916,2024-05-20,4,Kolkata Branch,Published
917,2024-05-27,1,Mumbai Head Branch,Published
918,2024-05-27,2,Chennai Branch,Published
919,2024-05-27,3,Delhi Branch,Published
920,2024-05-27,4,Kolkata Branch,Published
921,2024-06-03,1,Mumbai Head Branch,Published
922,2024-06-03,2,Chennai Branch,Published
923,2024-06-03,3,Delhi Branch,Published
924,2024-06-03,4,Kolkata Branch,Published
925,2024-06-10,1,Mumbai Head Branch,Published
926,2024-06-10,2,Chennai Branch,Published
927,2024-06-10,3,Delhi Branch,Published
928,2024-06-10,4,Kolkata Branch,Published
929,2024-06-17,1,Mumbai Head Branch,Published
930,2024-06-17,2,Chennai Branch,Published
931,2024-06-17,3,Delhi Branch,Published
932,2024-06-17,4,Kolkata Branch,Published
933,2024-06-24,1,Mumbai Head Branch,Published
934,2024-06-24,2,Chennai Branch,Published
935,2024-06-24,3,Delhi Branch,Published
936,2024-06-24,4,Kolkata Branch,Published
937,2024-07-01,1,Mumbai Head Branch,Published
938,2024-07-01,2,Chennai Branch,Published
939,2024-07-01,3,Delhi Branch,Published
940,2024-07-01,4,Kolkata Branch,Published
941,2024-07-08,1,Mumbai Head Branch,Published
942,2024-07-08,2,Chennai Branch,Published
943,2024-07-08,3,Delhi Branch,Published
944,2024-07-08,4,Kolkata Branch,Published
945,2024-07-15,1,Mumbai Head Branch,Published
946,2024-07-15,2,Chennai Branch,Published
947,2024-07-15,3,Delhi Branch,Published
948,2024-07-15,4,Kolkata Branch,Published
949,2024-07-22,1,Mumbai Head Branch,Published
950,2024-07-22,2,Chennai Branch,Published
951,2024-07-22,3,Delhi Branch,Published
952,2024-07-22,4,Kolkata Branch,Published
953,2024-07-29,1,Mumbai Head Branch,Published
954,2024-07-29,2,Chennai Branch,Published
955,2024-07-29,3,Delhi Branch,Published
956,2024-07-29,4,Kolkata Branch,Published
957,2024-08-05,1,Mumbai Head Branch,Published
958,2024-08-05,2,Chennai Branch,Published
959,2024-08-05,3,Delhi Branch,Published
960,2024-08-05,4,Kolkata Branch,Published
961,2024-08-12,1,Mumbai Head Branch,Published
962,2024-08-12,2,Chennai Branch,Published
963,2024-08-12,3,Delhi Branch,Published
964,2024-08-12,4,Kolkata Branch,Published
965,2024-08-19,1,Mumbai Head Branch,Published
966,2024-08-19,2,Chennai Branch,Published
967,2024-08-19,3,Delhi Branch,Published
968,2024-08-19,4,Kolkata Branch,Published
969,2024-08-26,1,Mumbai Head Branch,Published
970,2024-08-26,2,Chennai Branch,Published
971,2024-08-26,3,Delhi Branch,Published
972,2024-08-26,4,Kolkata Branch,Published
973,2024-09-02,1,Mumbai Head Branch,Published
974,2024-09-02,2,Chennai Branch,Published
975,2024-09-02,3,Delhi Branch,Published
976,2024-09-02,4,Kolkata Branch,Published
977,2024-09-09,1,Mumbai Head Branch,Published
978,2024-09-09,2,Chennai Branch,Published
979,2024-09-09,3,Delhi Branch,Published
980,2024-09-09,4,Kolkata Branch,Published
981,2024-09-16,1,Mumbai Head Branch,Published
982,2024-09-16,2,Chennai Branch,Published
983,2024-09-16,3,Delhi Branch,Published
984,2024-09-16,4,Kolkata Branch,Published
985,2024-09-23,1,Mumbai Head Branch,Published
986,2024-09-23,2,Chennai Branch,Published
987,2024-09-23,3,Delhi Branch,Published
988,2024-09-23,4,Kolkata Branch,Published
989,2024-09-30,1,Mumbai Head Branch,Published
990,2024-09-30,2,Chennai Branch,Published
991,2024-09-30,3,Delhi Branch,Published
992,2024-09-30,4,Kolkata Branch,Published
993,2024-10-07,1,Mumbai Head Branch,Published
994,2024-10-07,2,Chennai Branch,Published
995,2024-10-07,3,Delhi Branch,Published
996,2024-10-07,4,Kolkata Branch,Published
997,2024-10-14,1,Mumbai Head Branch,Published
998,2024-10-14,2,Chennai Branch,Published
999,2024-10-14,3,Delhi Branch,Published
1000,2024-10-14,4,Kolkata Branch,Published
1001,2024-10-21,1,Mumbai Head Branch,Published
1002,2024-10-21,2,Chennai Branch,Published
1003,2024-10-21,3,Delhi Branch,Published
1004,2024-10-21,4,Kolkata Branch,Published
1005,2024-10-28,1,Mumbai Head Branch,Published
1006,2024-10-28,2,Chennai Branch,Published
1007,2024-10-28,3,Delhi Branch,Published
1008,2024-10-28,4,Kolkata Branch,Published
1009,2024-11-04,1,Mumbai Head Branch,Published
1010,2024-11-04,2,Chennai Branch,Published
1011,2024-11-04,3,Delhi Branch,Published
1012,2024-11-04,4,Kolkata Branch,Published
1013,2024-11-11,1,Mumbai Head Branch,Published
1014,2024-11-11,2,Chennai Branch,Published
1015,2024-11-11,3,Delhi Branch,Published
1016,2024-11-11,4,Kolkata Branch,Published
1017,2024-11-18,1,Mumbai Head Branch,Published
1018,2024-11-18,2,Chennai Branch,Published
1019,2024-11-18,3,Delhi Branch,Published
1020,2024-11-18,4,Kolkata Branch,Published
1021,2024-11-25,1,Mumbai Head Branch,Published
1022,2024-11-25,2,Chennai Branch,Published
1023,2024-11-25,3,Delhi Branch,Published
1024,2024-11-25,4,Kolkata Branch,Published
1025,2024-12-02,1,Mumbai Head Branch,Published
1026,2024-12-02,2,Chennai Branch,Published
1027,2024-12-02,3,Delhi Branch,Published
1028,2024-12-02,4,Kolkata Branch,Published
1029,2024-12-09,1,Mumbai Head Branch,Published
1030,2024-12-09,2,Chennai Branch,Published
1031,2024-12-09,3,Delhi Branch,Published
1032,2024-12-09,4,Kolkata Branch,Published
1033,2024-12-16,1,Mumbai Head Branch,Published
1034,2024-12-16,2,Chennai Branch,Published
1035,2024-12-16,3,Delhi Branch,Published
1036,2024-12-16,4,Kolkata Branch,Published
1037,2024-12-23,1,Mumbai Head Branch,Published
1038,2024-12-23,2,Chennai Branch,Published
1039,2024-12-23,3,Delhi Branch,Published
1040,2024-12-23,4,Kolkata Branch,Published
1041,2024-12-30,1,Mumbai Head Branch,Published
1042,2024-12-30,2,Chennai Branch,Published
1043,2024-12-30,3,Delhi Branch,Published
1044,2024-12-30,4,Kolkata Branch,Published
1045,2025-01-06,1,Mumbai Head Branch,Published
1046,2025-01-06,2,Chennai Branch,Published
1047,2025-01-06,3,Delhi Branch,Published
1048,2025-01-06,4,Kolkata Branch,Published
1049,2025-01-13,1,Mumbai Head Branch,Published
1050,2025-01-13,2,Chennai Branch,Published
1051,2025-01-13,3,Delhi Branch,Published
1052,2025-01-13,4,Kolkata Branch,Published
1053,2025-01-20,1,Mumbai Head Branch,Published
1054,2025-01-20,2,Chennai Branch,Published
1055,2025-01-20,3,Delhi Branch,Published
1056,2025-01-20,4,Kolkata Branch,Published
1057,2025-01-27,1,Mumbai Head Branch,Published
1058,2025-01-27,2,Chennai Branch,Published
1059,2025-01-27,3,Delhi Branch,Published
1060,2025-01-27,4,Kolkata Branch,Published
1061,2025-02-03,1,Mumbai Head Branch,Published
1062,2025-02-03,2,Chennai Branch,Published
1063,2025-02-03,3,Delhi Branch,Published
1064,2025-02-03,4,Kolkata Branch,Published
1065,2025-02-10,1,Mumbai Head Branch,Published
1066,2025-02-10,2,Chennai Branch,Published
1067,2025-02-10,3,Delhi Branch,Published
1068,2025-02-10,4,Kolkata Branch,Published
1069,2025-02-17,1,Mumbai Head Branch,Published
1070,2025-02-17,2,Chennai Branch,Published
1071,2025-02-17,3,Delhi Branch,Published
1072,2025-02-17,4,Kolkata Branch,Published
1073,2025-02-24,1,Mumbai Head Branch,Published
1074,2025-02-24,2,Chennai Branch,Published
1075,2025-02-24,3,Delhi Branch,Published
1076,2025-02-24,4,Kolkata Branch,Published
1077,2025-03-03,1,Mumbai Head Branch,Published
1078,2025-03-03,2,Chennai Branch,Published
1079,2025-03-03,3,Delhi Branch,Published
1080,2025-03-03,4,Kolkata Branch,Published
1081,2025-03-10,1,Mumbai Head Branch,Published
1082,2025-03-10,2,Chennai Branch,Published
1083,2025-03-10,3,Delhi Branch,Published
1084,2025-03-10,4,Kolkata Branch,Published
1085,2025-03-17,1,Mumbai Head Branch,Published
1086,2025-03-17,2,Chennai Branch,Published
1087,2025-03-17,3,Delhi Branch,Published
1088,2025-03-17,4,Kolkata Branch,Published
1089,2025-03-24,1,Mumbai Head Branch,Published
1090,2025-03-24,2,Chennai Branch,Published
1091,2025-03-24,3,Delhi Branch,Published
1092,2025-03-24,4,Kolkata Branch,Published
1093,2025-03-31,1,Mumbai Head Branch,Published
1094,2025-03-31,2,Chennai Branch,Published
1095,2025-03-31,3,Delhi Branch,Published
1096,2025-03-31,4,Kolkata Branch,Published
1097,2025-04-07,1,Mumbai Head Branch,Published
1098,2025-04-07,2,Chennai Branch,Published
1099,2025-04-07,3,Delhi Branch,Published
1100,2025-04-07,4,Kolkata Branch,Published
1101,2025-04-14,1,Mumbai Head Branch,Published
1102,2025-04-14,2,Chennai Branch,Published
1103,2025-04-14,3,Delhi Branch,Published
1104,2025-04-14,4,Kolkata Branch,Published
1105,2025-04-21,1,Mumbai Head Branch,Published
1106,2025-04-21,2,Chennai Branch,Published
1107,2025-04-21,3,Delhi Branch,Published
1108,2025-04-21,4,Kolkata Branch,Published
1109,2025-04-28,1,Mumbai Head Branch,Published
1110,2025-04-28,2,Chennai Branch,Published
1111,2025-04-28,3,Delhi Branch,Published
1112,2025-04-28,4,Kolkata Branch,Published
1113,2025-05-05,1,Mumbai Head Branch,Published
1114,2025-05-05,2,Chennai Branch,Published
1115,2025-05-05,3,Delhi Branch,Published
1116,2025-05-05,4,Kolkata Branch,Published
1117,2025-05-12,1,Mumbai Head Branch,Published
1118,2025-05-12,2,Chennai Branch,Published
1119,2025-05-12,3,Delhi Branch,Published
1120,2025-05-12,4,Kolkata Branch,Published
1121,2025-05-19,1,Mumbai Head Branch,Published
1122,2025-05-19,2,Chennai Branch,Published
1123,2025-05-19,3,Delhi Branch,Published
1124,2025-05-19,4,Kolkata Branch,Published
1125,2025-05-26,1,Mumbai Head Branch,Published
1126,2025-05-26,2,Chennai Branch,Published
1127,2025-05-26,3,Delhi Branch,Published
1128,2025-05-26,4,Kolkata Branch,Published
1129,2025-06-02,1,Mumbai Head Branch,Published
1130,2025-06-02,2,Chennai Branch,Published
1131,2025-06-02,3,Delhi Branch,Published
1132,2025-06-02,4,Kolkata Branch,Published
1133,2025-06-09,1,Mumbai Head Branch,Published
1134,2025-06-09,2,Chennai Branch,Published
1135,2025-06-09,3,Delhi Branch,Published
1136,2025-06-09,4,Kolkata Branch,Published
1137,2025-06-16,1,Mumbai Head Branch,Published
1138,2025-06-16,2,Chennai Branch,Published
1139,2025-06-16,3,Delhi Branch,Published
1140,2025-06-16,4,Kolkata Branch,Published
1141,2025-06-23,1,Mumbai Head Branch,Published
1142,2025-06-23,2,Chennai Branch,Published
1143,2025-06-23,3,Delhi Branch,Published
1144,2025-06-23,4,Kolkata Branch,Published
1145,2025-06-30,1,Mumbai Head Branch,Published
1146,2025-06-30,2,Chennai Branch,Published
1147,2025-06-30,3,Delhi Branch,Published
1148,2025-06-30,4,Kolkata Branch,Published
1149,2025-07-07,1,Mumbai Head Branch,Published
1150,2025-07-07,2,Chennai Branch,Published
1151,2025-07-07,3,Delhi Branch,Published
1152,2025-07-07,4,Kolkata Branch,Published
1153,2025-07-14,1,Mumbai Head Branch,Published
1154,2025-07-14,2,Chennai Branch,Published
1155,2025-07-14,3,Delhi Branch,Published
1156,2025-07-14,4,Kolkata Branch,Published
1157,2025-07-21,1,Mumbai Head Branch,Published
1158,2025-07-21,2,Chennai Branch,Published
1159,2025-07-21,3,Delhi Branch,Published
1160,2025-07-21,4,Kolkata Branch,Published
1161,2025-07-28,1,Mumbai Head Branch,Published
1162,2025-07-28,2,Chennai Branch,Published
1163,2025-07-28,3,Delhi Branch,Published
1164,2025-07-28,4,Kolkata Branch,Published
1165,2025-08-04,1,Mumbai Head Branch,Published
1166,2025-08-04,2,Chennai Branch,Published
1167,2025-08-04,3,Delhi Branch,Published
1168,2025-08-04,4,Kolkata Branch,Published
1169,2025-08-11,1,Mumbai Head Branch,Published
1170,2025-08-11,2,Chennai Branch,Published
1171,2025-08-11,3,Delhi Branch,Published
1172,2025-08-11,4,Kolkata Branch,Published
1173,2025-08-18,1,Mumbai Head Branch,Published
1174,2025-08-18,2,Chennai Branch,Published
1175,2025-08-18,3,Delhi Branch,Published
1176,2025-08-18,4,Kolkata Branch,Published
1177,2025-08-25,1,Mumbai Head Branch,Published
1178,2025-08-25,2,Chennai Branch,Published
1179,2025-08-25,3,Delhi Branch,Published
1180,2025-08-25,4,Kolkata Branch,Published
1181,2025-09-01,1,Mumbai Head Branch,Published
1182,2025-09-01,2,Chennai Branch,Published
1183,2025-09-01,3,Delhi Branch,Published
1184,2025-09-01,4,Kolkata Branch,Published
1185,2025-09-08,1,Mumbai Head Branch,Published
1186,2025-09-08,2,Chennai Branch,Published
1187,2025-09-08,3,Delhi Branch,Published
1188,2025-09-08,4,Kolkata Branch,Published
1189,2025-09-15,1,Mumbai Head Branch,Published
1190,2025-09-15,2,Chennai Branch,Published
1191,2025-09-15,3,Delhi Branch,Published
1192,2025-09-15,4,Kolkata Branch,Published
1193,2025-09-22,1,Mumbai Head Branch,Published
1194,2025-09-22,2,Chennai Branch,Published
1195,2025-09-22,3,Delhi Branch,Published
1196,2025-09-22,4,Kolkata Branch,Published
1197,2025-09-29,1,Mumbai Head Branch,Published
1198,2025-09-29,2,Chennai Branch,Published
1199,2025-09-29,3,Delhi Branch,Published
1200,2025-09-29,4,Kolkata Branch,Published
1201,2025-10-06,1,Mumbai Head Branch,Published
1202,2025-10-06,2,Chennai Branch,Published
1203,2025-10-06,3,Delhi Branch,Published
1204,2025-10-06,4,Kolkata Branch,Published
1205,2025-10-13,1,Mumbai Head Branch,Published
1206,2025-10-13,2,Chennai Branch,Published
1207,2025-10-13,3,Delhi Branch,Published
1208,2025-10-13,4,Kolkata Branch,Published
1209,2025-10-20,1,Mumbai Head Branch,Published
1210,2025-10-20,2,Chennai Branch,Published
1211,2025-10-20,3,Delhi Branch,Published
1212,2025-10-20,4,Kolkata Branch,Published
1213,2025-10-27,1,Mumbai Head Branch,Published
1214,2025-10-27,2,Chennai Branch,Published
1215,2025-10-27,3,Delhi Branch,Published
1216,2025-10-27,4,Kolkata Branch,Published
1217,2025-11-03,1,Mumbai Head Branch,Published
1218,2025-11-03,2,Chennai Branch,Published
1219,2025-11-03,3,Delhi Branch,Published
1220,2025-11-03,4,Kolkata Branch,Published
1221,2025-11-10,1,Mumbai Head Branch,Published
1222,2025-11-10,2,Chennai Branch,Published
1223,2025-11-10,3,Delhi Branch,Published
1224,2025-11-10,4,Kolkata Branch,Published
1225,2025-11-17,1,Mumbai Head Branch,Published
1226,2025-11-17,2,Chennai Branch,Published
1227,2025-11-17,3,Delhi Branch,Published
1228,2025-11-17,4,Kolkata Branch,Published
1229,2025-11-24,1,Mumbai Head Branch,Published
1230,2025-11-24,2,Chennai Branch,Published
1231,2025-11-24,3,Delhi Branch,Published
1232,2025-11-24,4,Kolkata Branch,Published
1233,2025-12-01,1,Mumbai Head Branch,Published
1234,2025-12-01,2,Chennai Branch,Published
1235,2025-12-01,3,Delhi Branch,Published
1236,2025-12-01,4,Kolkata Branch,Published
1237,2025-12-08,1,Mumbai Head Branch,Published
1238,2025-12-08,2,Chennai Branch,Published
1239,2025-12-08,3,Delhi Branch,Published
1240,2025-12-08,4,Kolkata Branch,Published
1241,2025-12-15,1,Mumbai Head Branch,Published
1242,2025-12-15,2,Chennai Branch,Published
1243,2025-12-15,3,Delhi Branch,Published
1244,2025-12-15,4,Kolkata Branch,Published
1245,2025-12-22,1,Mumbai Head Branch,Published
1246,2025-12-22,2,Chennai Branch,Published
1247,2025-12-22,3,Delhi Branch,Published
1248,2025-12-22,4,Kolkata Branch,Published
1249,2025-12-29,1,Mumbai Head Branch,Published
1250,2025-12-29,2,Chennai Branch,Published
1251,2025-12-29,3,Delhi Branch,Published
1252,2025-12-29,4,Kolkata Branch,Published
